{"autoplayTransitionDelay":20,"author":"","timestamp":"2018-55-15 15:2:0","loopSlideshow":0,"filename":"Julain","autoplayBuildDelay":0,"comment":"","title":"Julain","showMode":1,"creator":"Apple Keynote 7.3.1","slideList":["C37DC396-D7A0-4472-A903-CC4B9D460B16","C9ADAAF2-077F-46B8-B2C0-FA7013A1B488","14E49852-4E8B-4CD9-8559-0DECE26FF0E6","ECB0F750-04D6-422D-A20C-9540EBFD1FE3","680A9A5C-BEBC-4B10-8489-EA2B63BA5033","71E0DB2A-CCB5-4F99-8914-14D42C871D9C","ADFE0407-5055-4BA2-AA71-30C8B406D130","E03A2B86-527D-4B1C-97AD-570ED68B31E9","708D1363-DD71-4C69-9E81-C43522E203E8","F753931E-7983-40CF-8F23-F070A50A3F3B","03CA2B59-FA08-4F95-8849-9BFA7D32E06C","CC8FF40E-47AE-45B8-A9EA-859CE3F74F66","B92D4D7D-66F2-45BB-B4C7-2DA8726A56A1","059AC18A-A63D-4F83-9932-29ADB4B0B3EE","BC69CD58-CF6B-4119-861D-865A63953290","E0663301-BA39-498F-965D-57B910415144","8D093E7C-B622-4C89-A056-83F91CA0BE38","27A47FF6-74D4-4D91-B9C2-82335021DB3D","786EE453-C28F-414F-A2B8-2E1BA6015EC9","0D696227-1E13-417E-8700-64FFA8C26328"],"soundtrack":{"mode":0,"volume":1},"slideWidth":1024,"slideHeight":768,"slideCount":20,"majorVersion":1,"minorVersion":2,"fonts":["HelveticaNeue-Bold","HelveticaNeue","FreightSansCndPro-Book","FreightSansCndPro-Semi","Helvetica","FreightSansCndPro-Light","HelveticaNeue-Light","GillSans","HelveticaNeue-MediumItalic","HelveticaNeue-Medium","HelveticaNeue-Italic"]}